"Compound","Frequency (out of 29)"
"Dimethyl trisulfide",27
"2,6-Lutidine",26
"Methenamine",23
"Pyridine, 2-methyl-",23
"Pyrimidine, 4-methyl-",22
"Pyrazine, methyl-",21
"Pyrazine, 2,5-dimethyl-",20
"Pyridine",20
"Sevoflurane",20
"Thiocyanic acid, methyl ester",19
"1-Butanol, 3-methyl-",17
"Butanoic acid, 3-methyl-",15
"Disulfide, methyl (methylthio)methyl",14
"Ethanol, 2-methoxy-",14
"Pyrazine, trimethyl-",14
"Methylamine, N,N-dimethyl-",13
"Phenol, 4-(1,1-dimethylpropyl)-",13
"Propanoic acid, 2-methyl-",13
"Acetamide",12
"Aniline",12
"Hexanenitrile",12
"Benzene, (1,3-dimethylbutyl)-",11
"Isopropyl acetate",11
"Phenylethyl Alcohol",11
"Pyridine, 2,4-dimethyl-",11
"Thiazole",11
"1,2-Ethanediol, diformate",10
"1,3,6-Trioxocane, 2-methyl-",10
"1H-1,2,4-Triazole",10
"1H-Pyrrole, 1-methyl-",10
"2-Butenal, 2-methyl-",10
"3-Octanone",10
"4-Methylthiazole",10
"Butanenitrile",10
"Butanoic acid",10
"Ethanol, 2-(vinyloxy)-",10
"Methylacrylonitrile",10
"Propylene Glycol",10
"Pyrazine",10
"Pyridine, 2,4,6-trimethyl-",10
