"","SS3"
"(1R,2S,6S,7S,8S)-8-Isopropyl-1-methyl-3-methylenetricyclo[4.4.0.02,7]decane-rel-",0.00464583466666667
"1-Heptanol",0.014901753
"1-Octen-3-ol",0.0391058336666667
"1-Pentanol, 2-ethyl-4-methyl-",0.00668569366666667
"1-Penten-3-ol",0.0151447123333333
"1,2-Propanediamine",0.0310409526666667
"1,3-Diazine",0.014309206
"1,3,5-Triazine",0.055180977
"1,3,6-Trioxocane, 2-methyl-",0.017237808
"2-Butenal, 2-methyl-",0.0206384646666667
"2-Furancarbonitrile",0.003884569
"2-Furancarboxaldehyde, 5-methyl-",0.00688775866666667
"2-n-Butyl furan",0.015081414
"2-Octanone",0.0341550446666667
"2-Pentenal",0.004522815
"2-Propen-1-ol",0.011733147
"2,6,6-Trimethylcyclohexa-1,4-dienecarbaldehyde",0.018414362
"2(3H)-Furanone, 5-methyl-",0.00308314033333333
"2H-1,2-Oxazine, 6-(4-chlorophenyl)tetrahydro-2-methyl-",0.00461815666666667
"3-Carene",0.0432572726666667
"3-Heptene",0.013108157
"3-Heptene, 3-methyl-",0.174233688
"3-Hexen-1-ol",0.0143722986666667
"3-Methyl-2-(2-methyl-2-butenyl)-furan",0.0164604026666667
"4-Cyclopropylcarbonyloxydodecane",0.00377068466666667
"Acetic acid ethenyl ester",0.124043990333333
"Acetoin",0.0295897506666667
"Acetonitrile, (dimethylamino)-",0.046377875
"Benzene, 1-ethyl-4-methyl-",0.025307527
"Benzene, 1,1'-(1,1,2,2-tetramethyl-1,2-ethanediyl)bis-",0.047348493
"Benzene, 1,2,3,4-tetrafluoro-",0.0853431953333333
"Benzene, hexyl-",0.006783015
"Benzene, n-butyl-",0.0323351103333333
"Benzoxazole",0.00417191633333333
"Bicyclo[2.2.0]hex-2-ene, 1,4,5,5,6,6-hexafluoro-",0.0275856823333333
"Bicyclo[2.2.1]heptan-2-one, 1,7,7-trimethyl-, (1S)-",0.0100099963333333
"Bicyclo[3.1.0]hexane, 4-methylene-1-(1-methylethyl)-",0.241814987
"Butane, 1-methoxy-3-methyl-",0.080094184
"C2H5CH=CHCH=CH2",0.00306678366666667
"Camphene",0.0279822016666667
"Cyclohexane",0.0298357126666667
"Cyclohexane, ethyl-",0.007090873
"Cyclohexene, 1-methyl-4-(1-methylethylidene)-",0.0352974536666667
"Cyclohexene, 3,3,5-trimethyl-",0.00415840133333333
"Diethyl azodicarboxylate",2.72404413966667
"Diethyltoluamide",2.82993078966667
"Dimethyl trisulfide",0.01335993
"Disulfide, dimethyl",0.236409747
"Ethane, 1,2-dichloro-1,1,2,2-tetrafluoro-",0.00982350966666667
"Ethanol, 2-(2-ethoxyethoxy)-",0.144300376666667
"Ethanol, 2,2'-oxybis-",0.185411897
"Ethyl formate",0.0130086126666667
"Furan, 2-pentyl-",0.132604232666667
"Methane, isothiocyanato-",0.00482037
"Methylacrylonitrile",0.008168366
"Oxalic acid, diallyl ester",0.0103452453333333
"p-Cresol",0.00899415433333333
"Pentanoic acid, 2,2,4-trimethyl-3-hydroxy-, isobutyl ester",0.0102849706666667
"Phenol, 2-methyl-",0.003492239
"Phenol, 2,4,6-tri-tert-butyl-",0.006827914
"Propane, 2-iodo-",0.020482448
"Propanoic acid, 3-amino-2-methyl-",0.150706751333333
"Pyrazine, 2,6-dimethyl-",0.0334614483333333
"Pyrazine, 3-ethyl-2,5-dimethyl-",0.0113998033333333
"Pyrazine, methyl-",0.004591423
"Pyrazine, tetramethyl-",0.0295693063333333
"Pyrazine, trimethyl-",0.138521354333333
"Pyridine, 2-methyl-",0.00887673866666667
"Tetracosane",0.0465883063333333
"Thiazole",0.00306831766666667
"Thiocyanic acid, methyl ester",0.016369127
"Trichloroethylene",0.0109979813333333
"α-Pinene",0.094331726
"β-Myrcene",0.034481392
